motif_id	motif_alt_id	sequence_name	start	stop	strand	score	p-value	q-value	matched_sequence
MA0303.1	GCN4	iYHR018C	181	201	+	16.4778	8.29e-07	0.035	CAAAAAGTGAGTCATTCATCT
MA0303.1	GCN4	iYNL005C	610	630	+	16.2222	1.28e-06	0.035	CGAATGGTGAGTCACCATTTA
MA0303.1	GCN4	iYNL005C	610	630	-	16.0556	1.66e-06	0.035	TAAATGGTGACTCACCATTCG
MA0303.1	GCN4	iYER052C	287	307	+	15.8556	2.23e-06	0.0352	GAAAAGGTGAGTCATGGGCCT
MA0303.1	GCN4	iYJR109C	343	363	-	15.5889	3.19e-06	0.037	GAGAAAATGACTCATCCACCA
MA0303.1	GCN4	iYOR107W	487	507	-	15.5111	3.52e-06	0.037	AAAAATATGAGTCATTCACTA
MA0303.1	GCN4	iYDR126W	3	23	-	15.3778	4.13e-06	0.0373	TTCGGGATGAGTCATATGCAT
MA0303.1	GCN4	iYMR062C	146	166	+	15.2333	4.87e-06	0.0385	TACGCAGTGAGTCATCCTACC
MA0303.1	GCN4	iYEL063C	359	379	-	14.9111	6.82e-06	0.0479	TTCCGGGTGAGTCATACGGCT
MA0303.1	GCN4	iYGR267C	43	63	+	14.7778	7.73e-06	0.0489	CAAAAAATGAGTCACGCACGC
MA0303.1	GCN4	iYEL063C	359	379	+	14.5778	9.22e-06	0.0522	AGCCGTATGACTCACCCGGAA
MA0303.1	GCN4	iYMR062C	146	166	-	14.4889	9.93e-06	0.0522	GGTAGGATGACTCACTGCGTA
MA0303.1	GCN4	iYCL030C	198	218	+	14.3111	1.14e-05	0.0522	AAAAACGTGAGTCACTGTGCA
MA0303.1	GCN4	iYJL089W	80	100	+	14.2667	1.18e-05	0.0522	CACGTCGTGACTCATATGCTT
MA0303.1	GCN4	iYOR107W	487	507	+	14.0667	1.35e-05	0.0522	TAGTGAATGACTCATATTTTT
MA0303.1	GCN4	iYOR130C	225	245	+	14.0333	1.38e-05	0.0522	CTCAAGGTGAGTCACGATGCA
MA0303.1	GCN4	iYER055C	188	208	+	14.0111	1.4e-05	0.0522	GTAGAGGTGACTCACTTGGAA
MA0303.1	GCN4	iYJR109C	343	363	+	13.9	1.51e-05	0.0529	TGGTGGATGAGTCATTTTCTC
MA0303.1	GCN4	iYOL141W	39	59	+	13.7667	1.63e-05	0.0543	CGCTATGTGACTCACTTAAAG
MA0303.1	GCN4	iYOL141W	39	59	-	13.5667	1.82e-05	0.0558	CTTTAAGTGAGTCACATAGCG
MA0303.1	GCN4	iYOL059W	420	440	-	13.5333	1.85e-05	0.0558	TGCGACATGAGTCACTAAAAA
MA0303.1	GCN4	iYHR018C	181	201	-	13.4222	1.96e-05	0.056	AGATGAATGACTCACTTTTTG
MA0303.1	GCN4	iYDL198C	135	155	-	13.0889	2.28e-05	0.056	AAACTCGTGAGTCACTGTGCA
MA0303.1	GCN4	iYLR355C	296	316	-	13.0889	2.28e-05	0.056	CTGTCAGTGACTCATCCGCGT
MA0303.1	GCN4	iYBR113W	483	503	-	13.0333	2.34e-05	0.056	GATTGGCTGAGTCACCTTCAT
MA0303.1	GCN4	iYLR355C	296	316	+	13.0111	2.36e-05	0.056	ACGCGGATGAGTCACTGACAG
MA0303.1	GCN4	iYBR043C	342	362	-	12.9778	2.39e-05	0.056	GTCAGAATGAGTCATTGTAAA
MA0303.1	GCN4	iYOR130C	225	245	-	12.8556	2.51e-05	0.0564	TGCATCGTGACTCACCTTGAG
MA0303.1	GCN4	iYDL171C	569	589	+	12.6	2.77e-05	0.0564	CAGGGTCTGAGTCATCAAAGA
MA0303.1	GCN4	iYGR267C	43	63	-	12.5889	2.79e-05	0.0564	GCGTGCGTGACTCATTTTTTG
MA0303.1	GCN4	iYDR126W	3	23	+	12.5667	2.81e-05	0.0564	ATGCATATGACTCATCCCGAA
MA0303.1	GCN4	iYER072W	597	617	-	12.5222	2.86e-05	0.0564	GTAGTGATGAGTCAGAAGTCT
MA0303.1	GCN4	iYCL030C	198	218	-	12.2111	3.2e-05	0.0595	TGCACAGTGACTCACGTTTTT
MA0303.1	GCN4	iYJL072C	134	154	+	12.1556	3.27e-05	0.0595	AAAAAGGTTAGTCATCACTGA
MA0303.1	GCN4	iYHR070W	36	56	+	12.1333	3.3e-05	0.0595	AACGAGATGACTAACACCTTT
MA0303.1	GCN4	iYOL059W	518	538	+	11.9	3.6e-05	0.0595	AGAGAGATTACTCATCTTCAT
MA0303.1	GCN4	iYNL104C	414	434	-	11.7667	3.8e-05	0.0595	TAGTAGGTTAGTCATCGCTCT
MA0303.1	GCN4	iYDL198C	135	155	+	11.7	3.9e-05	0.0595	TGCACAGTGACTCACGAGTTT
MA0303.1	GCN4	iYER055C	188	208	-	11.6889	3.92e-05	0.0595	TTCCAAGTGAGTCACCTCTAC
MA0303.1	GCN4	iYNR050C	209	229	+	11.6222	4.03e-05	0.0595	CAGAGTATGAGTAATTCTTTT
MA0303.1	GCN4	iYBR043C	342	362	+	11.6222	4.03e-05	0.0595	TTTACAATGACTCATTCTGAC
MA0303.1	GCN4	iYPL274W	233	253	+	11.6111	4.05e-05	0.0595	CAGAGTATTAGTCATTTTTGA
MA0303.1	GCN4	iYOL059W	420	440	+	11.6111	4.05e-05	0.0595	TTTTTAGTGACTCATGTCGCA
MA0303.1	GCN4	itM(CAU)P	578	598	+	11.3889	4.45e-05	0.0615	CAATCCCTGACTCATCAATGT
MA0303.1	GCN4	iYHR070W	36	56	-	11.3667	4.5e-05	0.0615	AAAGGTGTTAGTCATCTCGTT
MA0303.1	GCN4	iYER052C	287	307	-	11.3111	4.61e-05	0.0615	AGGCCCATGACTCACCTTTTC
MA0303.1	GCN4	iYJL072C	134	154	-	11.2667	4.71e-05	0.0615	TCAGTGATGACTAACCTTTTT
MA0303.1	GCN4	iYHR070W	89	109	+	11.2222	4.8e-05	0.0615	TGCGCGATGCGTCATACTACT
MA0303.1	GCN4	iYDL171C	569	589	-	11.1556	4.96e-05	0.0615	TCTTTGATGACTCAGACCCTG
MA0303.1	GCN4	iYJR111C	156	176	-	11.1444	4.98e-05	0.0615	AAATGTGTGACTAATAATTAC
MA0303.1	GCN4	iYNL104C	414	434	+	11.1333	5.01e-05	0.0615	AGAGCGATGACTAACCTACTA
MA0303.1	GCN4	iYOR336W	202	222	-	11.0889	5.12e-05	0.0615	AATCTAATGAGTCATGGGGAG
MA0303.1	GCN4	iYJL089W	80	100	-	11.0444	5.23e-05	0.0615	AAGCATATGAGTCACGACGTG
MA0303.1	GCN4	iYHR161C	405	425	+	11.0333	5.26e-05	0.0615	GCCAGGCTGAGTCACGTCAGT
MA0303.1	GCN4	iYJR111C	156	176	+	10.9778	5.4e-05	0.062	GTAATTATTAGTCACACATTT
MA0303.1	GCN4	iYOR301W	129	149	-	10.8444	5.77e-05	0.0643	GCGATGATGAGTCAAACACCC
MA0303.1	GCN4	iYOL059W	375	395	+	10.8111	5.87e-05	0.0643	CGCTATGTTAGTCACTACTGA
MA0303.1	GCN4	iYNR050C	209	229	-	10.8	5.91e-05	0.0643	AAAAGAATTACTCATACTCTG
MA0303.1	GCN4	iYOL064C	146	166	+	10.6444	6.41e-05	0.0671	GCTCGTCTGAGTCATTCGCGC
MA0303.1	GCN4	iYER068W	371	391	-	10.6333	6.44e-05	0.0671	TGTAGACTGAGTCATTCGGAT
MA0303.1	GCN4	iYER068W	240	260	+	10.6222	6.48e-05	0.0671	GCAAGAATGACTAATTCATAG
MA0303.1	GCN4	iYGL184C	382	402	+	10.4778	7e-05	0.0704	GTCAGAATGAGTCAGCCGGAT
MA0303.1	GCN4	iYHR161C	405	425	-	10.4333	7.17e-05	0.0704	ACTGACGTGACTCAGCCTGGC
MA0303.1	GCN4	iYOL059W	518	538	-	10.4333	7.17e-05	0.0704	ATGAAGATGAGTAATCTCTCT
MA0303.1	GCN4	iYOR221C	337	357	-	10.3778	7.39e-05	0.0704	ACTGCACTGAGTCATCAACAA
MA0303.1	GCN4	iYER089C	449	469	+	10.3778	7.39e-05	0.0704	GATTTGCTGACTCATTACGAT
MA0303.1	GCN4	iYJL089W	28	48	-	10.3333	7.57e-05	0.0704	AGCTGAATGAGTAATACGAAG
MA0303.1	GCN4	iYER068W	240	260	-	10.3333	7.57e-05	0.0704	CTATGAATTAGTCATTCTTGC
MA0303.1	GCN4	iYGL184C	266	286	+	10.2889	7.76e-05	0.0711	GATGCGATGAGTCTTCCAAGG
MA0303.1	GCN4	iYNL104C	93	113	+	10.2444	7.95e-05	0.0718	AAAGAACTGAGTCACTTACAC
MA0303.1	GCN4	iYNL104C	351	371	+	10.1444	8.41e-05	0.0738	CCAAGTATGACACACATTCAA
MA0303.1	GCN4	itM(CAU)P	578	598	-	10.1444	8.41e-05	0.0738	ACATTGATGAGTCAGGGATTG
MA0303.1	GCN4	iYPL274W	233	253	-	9.96667	9.28e-05	0.0798	TCAAAAATGACTAATACTCTG
MA0303.1	GCN4	iYOR336W	202	222	+	9.95556	9.34e-05	0.0798	CTCCCCATGACTCATTAGATT
MA0303.1	GCN4	iYBR249C	316	336	-	9.92222	9.52e-05	0.0802	TGCGAAATGACTCAACGATGA
MA0303.1	GCN4	iYOL059W	375	395	-	9.86667	9.82e-05	0.0811	TCAGTAGTGACTAACATAGCG
MA0303.1	GCN4	iYBR249C	316	336	+	9.85556	9.88e-05	0.0811	TCATCGTTGAGTCATTTCGCA

# FIMO (Find Individual Motif Occurrences): Version 5.0.4 compiled on Mar 10 2019 at 20:32:32
# The format of this file is described at http://meme-suite.org/doc/fimo-output-format.html.
# fimo GCN4.meme.txt GCN4_YPD.fasta
